Name,Position,year,player_age,ab,pa,hit,single,double,triple,home_run,strikeout,walk,k_percent,bb_percent,batting_avg,slg_percent,on_base_percent,on_base_plus_slg,b_rbi,b_lob,r_total_caught_stealing,r_total_stolen_base,xba,xslg,woba,xwoba,xobp,xiso,wobacon,xwobacon,xbadiff,xslgdiff,wobadiff,avg_swing_speed,exit_velocity_avg,launch_angle_avg,sweet_spot_percent,barrel_batted_rate,solidcontact_percent,hard_hit_percent,avg_best_speed,avg_hyper_speed,z_swing_percent,z_swing_miss_percent,whiff_percent,swing_percent,n_outs_above_average,sprint_speed,WAR,OPS+,Rbat+
alex bregman,3B,2023,29,622,724,163,106,28,4,25,87,92,12,12.7,0.262,0.441,0.363,0.804,98,247,1,3,0.266,0.43,0.351,0.351,0.368,0.163,0.344,0.344,-0.004,0.011,0,70.2,88.6,17.6,35.8,5.4,10.1,38.2,98.07153773,93.24896069,61.1,8.7,14.1,38.7,,26.3,4.9,122,124
kyle schwarber,LF,2023,30,585,720,115,48,19,1,47,215,126,29.9,17.5,0.197,0.474,0.343,0.817,104,243,2,0,0.22,0.485,0.35,0.364,0.362,0.266,0.434,0.46,-0.023,-0.011,-0.014,77.1,92.4,19,34.3,16.4,6.7,48.8,103.3984901,96.18179379,55.8,22.5,31.5,37.7,-18,25,0.7,121,119
paul goldschmidt,1B,2023,35,593,687,159,103,31,0,25,161,87,23.4,12.7,0.268,0.447,0.363,0.81,80,244,2,11,0.27,0.49,0.35,0.367,0.366,0.22,0.413,0.44,-0.002,-0.043,-0.017,72.1,91.3,12.8,35.6,12,8.5,50.8,102.4095956,95.76779276,61.8,23.2,27.5,44,,26.4,3.3,120,119
lane thomas,RF,2023,27,628,682,168,101,36,3,28,176,36,25.8,5.3,0.268,0.468,0.315,0.783,86,254,5,20,0.255,0.436,0.334,0.319,0.305,0.181,0.424,0.403,0.013,0.032,0.015,71.7,88.5,10.8,36.8,9.6,6.5,40.7,100.191574,94.319062,61.1,12.6,23,43.6,-3,29.3,3.3,115,116
kyle tucker,RF,2023,26,574,674,163,92,37,5,29,92,80,13.6,11.9,0.284,0.517,0.369,0.886,112,253,5,30,0.292,0.53,0.372,0.386,0.38,0.239,0.393,0.412,-0.008,-0.013,-0.014,71.9,90.2,14.8,35.4,10.6,8.1,45.9,100.798373,94.83113255,71.8,12.6,18.5,47,-5,26.6,5.5,142,141
gleyber torres,2B,2023,26,596,672,163,108,28,2,25,98,67,14.6,10,0.273,0.453,0.347,0.8,68,229,6,13,0.282,0.478,0.346,0.362,0.357,0.196,0.364,0.385,-0.009,-0.025,-0.016,71.7,89.7,15.1,37.3,7.9,7.5,40.3,99.649801,94.05505759,68.9,16.4,21.8,46.8,,26.4,2.9,118,116
ty france,1B,2023,28,587,665,147,103,32,0,12,117,43,17.6,6.5,0.25,0.366,0.337,0.703,58,267,0,1,0.27,0.42,0.315,0.342,0.354,0.151,0.329,0.367,-0.02,-0.054,-0.027,71.8,87.5,13.7,36.9,6.8,5.1,38.6,99.27787132,93.76594522,74,10.9,21.9,53.2,,25,0.9,101,107
ozzie albies,2B,2023,26,596,660,167,99,30,5,33,107,46,16.2,7,0.28,0.513,0.336,0.849,109,230,1,13,0.266,0.467,0.358,0.34,0.325,0.201,0.4,0.375,0.014,0.046,0.018,70,88.7,16.6,37.4,8.2,10.5,39,98.66761557,93.4815683,77.8,13.3,20.6,54.6,,27.6,5,126,122
pete alonso,1B,2023,28,568,658,123,54,21,2,46,151,65,22.9,9.9,0.217,0.504,0.318,0.822,118,277,1,4,0.246,0.527,0.346,0.368,0.343,0.281,0.402,0.436,-0.029,-0.023,-0.022,75.7,89.5,18.2,32.3,14.7,6.4,40.1,102.3421345,95.2539557,61.9,17.9,26.2,43.7,,26,3.3,123,122
ha-seong kim,SS,2023,27,538,626,140,100,23,0,17,124,75,19.8,12,0.26,0.398,0.351,0.749,60,217,9,38,0.245,0.359,0.33,0.313,0.339,0.114,0.36,0.335,0.015,0.039,0.017,67.7,86.2,13.6,36.1,4.2,5.7,26.7,96.56167043,92.28386159,55.1,14.8,17.8,38.9,,28.5,5.4,107,115
justin turner,3B,2023,38,558,626,154,100,31,0,23,110,51,17.6,8.1,0.276,0.455,0.345,0.8,96,205,1,4,0.26,0.444,0.346,0.336,0.331,0.184,0.381,0.367,0.016,0.011,0.01,66.4,89.5,16.5,36.8,5.7,9.3,39,98.56736824,93.58703223,63.5,12.2,17.5,45,,25.2,2.1,114,116
carlos santana,1B,2023,37,550,619,132,75,33,1,23,104,65,16.8,10.5,0.24,0.429,0.318,0.747,86,266,0,6,0.24,0.378,0.323,0.308,0.319,0.138,0.344,0.323,0,0.051,0.015,71.4,88.8,12.8,31.3,6.7,4.7,36.4,99.367236,93.79121307,68.2,17.2,22.1,45.3,,25.9,2.7,101,102
josh bell,DH,2023,30,547,617,135,85,28,0,22,134,63,21.7,10.2,0.247,0.419,0.325,0.744,74,253,1,0,0.26,0.453,0.323,0.342,0.338,0.194,0.37,0.398,-0.013,-0.034,-0.019,72.3,90.1,9.3,31.3,10.1,5.3,43,101.6111868,94.95555995,70.8,17.2,25.8,47.7,,25.9,-0.1,101,99
william contreras,C,2023,25,540,611,156,100,38,1,17,126,63,20.6,10.3,0.289,0.457,0.367,0.824,78,235,1,6,0.255,0.433,0.357,0.335,0.338,0.179,0.411,0.379,0.034,0.024,0.022,73.8,91.3,4.7,27.1,9.4,6.2,48.7,103.2413294,96.0978465,62.6,21,28,43.2,,26.5,3.7,124,126
bo bichette,SS,2023,25,571,601,175,122,30,3,20,115,27,19.1,4.5,0.306,0.475,0.339,0.814,73,196,3,5,0.308,0.497,0.349,0.359,0.341,0.189,0.415,0.429,-0.002,-0.022,-0.01,70.1,90.2,6.2,38.3,9.6,6.1,44.9,101.7366819,95.18433055,77.1,13,21.1,56.6,,27.1,4.8,122,126
luis robert jr.,CF,2023,25,546,595,144,69,36,1,38,172,30,28.9,5,0.264,0.542,0.315,0.857,80,231,4,20,0.262,0.518,0.358,0.35,0.314,0.256,0.488,0.475,0.002,0.024,0.008,75.9,89.1,16.1,38,15.4,5.6,42.3,101.8444782,95.05043424,78.1,21.4,33.5,58.3,12,28.7,5.3,130,128
lourdes gurriel jr.,OF,2023,29,551,592,144,83,35,2,24,103,33,17.4,5.6,0.261,0.463,0.309,0.772,82,230,0,5,0.264,0.439,0.329,0.324,0.313,0.175,0.373,0.367,-0.003,0.024,0.005,69.9,89.7,10.6,35.3,8.4,6.9,46,99.85921213,94.36856067,67.5,11.8,18.7,49.1,2,27.1,2.9,107,104
marcell ozuna,DH,2023,32,530,592,145,75,29,1,40,134,57,22.6,9.6,0.274,0.558,0.346,0.904,100,237,0,0,0.28,0.577,0.381,0.393,0.353,0.298,0.462,0.481,-0.006,-0.019,-0.012,75,91.8,15.6,34.9,16.6,6.5,49,103.2576732,96.23224093,69.8,17.1,26.7,48.4,,26.4,3.4,140,141
dominic smith,1B,2023,28,527,586,134,100,21,1,12,91,47,15.5,8,0.254,0.366,0.326,0.692,46,231,1,1,0.256,0.397,0.306,0.32,0.329,0.141,0.32,0.338,-0.002,-0.031,-0.014,68.6,86.3,12.8,37,6.6,3.7,30.8,97.22508872,92.63185096,68.7,13.8,19.9,49,,25.8,0.9,93,95
salvador perez,C,2023,33,538,580,137,93,21,0,23,135,19,23.3,3.3,0.255,0.422,0.292,0.714,80,213,0,0,0.266,0.46,0.302,0.325,0.306,0.194,0.375,0.407,-0.011,-0.038,-0.023,72.7,90.1,15.6,38,8.8,9.7,44,101.3574125,94.95568329,77.5,19.7,30.2,60.2,,24.3,0.4,92,86
max muncy,1B,2023,32,482,579,102,48,17,1,36,153,85,26.4,14.7,0.212,0.475,0.333,0.808,105,269,2,1,0.235,0.504,0.344,0.364,0.353,0.269,0.41,0.443,-0.023,-0.029,-0.02,71.3,91.2,21.7,33.7,14.6,8.4,46.6,101.3153086,95.11269018,57.2,20.8,29.6,39.3,,26.9,2.9,117,115
max muncy,1B,2023,32,482,579,102,48,17,1,36,153,85,26.4,14.7,0.212,0.475,0.333,0.808,105,269,2,1,0.235,0.504,0.344,0.364,0.353,0.269,0.41,0.443,-0.023,-0.029,-0.02,71.3,91.2,21.7,33.7,14.6,8.4,46.6,101.3153086,95.11269018,57.2,20.8,29.6,39.3,,26.9,2.9,117,115
austin hays,LF,2023,27,520,566,143,89,36,2,16,141,38,24.9,6.7,0.275,0.444,0.325,0.769,67,217,1,5,0.242,0.42,0.33,0.309,0.296,0.178,0.413,0.381,0.033,0.024,0.021,71.7,89.4,10.4,31,8.9,7.6,40.1,100.4627877,94.41135204,63.8,17.4,28.4,46.6,2,27.4,2.5,114,111
cody bellinger,CF,2023,27,499,556,153,97,29,1,26,87,40,15.6,7.2,0.307,0.525,0.356,0.881,97,221,6,20,0.268,0.434,0.37,0.327,0.326,0.165,0.414,0.357,0.039,0.091,0.043,70,87.9,17.2,38,6.1,5.4,31.4,97.66154406,92.87437239,67.8,15,20.1,49.9,2,28.3,4.8,139,141
trent grisham,CF,2023,26,469,555,93,48,31,1,13,154,75,27.7,13.5,0.198,0.352,0.315,0.667,50,222,3,15,0.215,0.393,0.299,0.32,0.33,0.177,0.343,0.381,-0.017,-0.041,-0.021,70.5,90.3,18.3,32.8,11.9,7.5,40,100.7019274,94.88050397,60.3,22.1,28.3,41.6,7,27.7,1.8,84,89
amed rosario,SS,2023,27,510,545,134,95,25,8,6,99,29,18.2,5.3,0.263,0.378,0.305,0.683,58,230,2,15,0.271,0.38,0.297,0.305,0.314,0.109,0.337,0.347,-0.008,-0.002,-0.008,71.2,88.3,7.6,33.8,3.4,5.8,39.4,99.50158271,93.94178458,69.2,14.3,23.1,53.4,,29.4,0.4,87,85
j.t. realmuto,C,2023,32,489,540,123,70,28,5,20,138,35,25.6,6.5,0.252,0.452,0.31,0.762,63,243,5,16,0.254,0.462,0.324,0.334,0.315,0.208,0.406,0.421,-0.002,-0.01,-0.01,73.5,89.8,16.7,36.2,11.2,7,43.3,101.3013976,94.96193539,70.7,18.5,26.2,50.5,,28.6,3.5,105,109
orlando arcia,SS,2023,28,488,533,129,87,25,0,17,102,39,19.1,7.3,0.264,0.42,0.321,0.741,65,209,0,1,0.247,0.398,0.321,0.307,0.306,0.152,0.365,0.345,0.017,0.022,0.014,71.1,88.2,5.4,30.6,6.9,4.6,41.1,99.18921793,93.73538451,65.4,17.7,24.3,46.2,,25.9,1.7,99,98
thairo estrada,2B,2023,27,495,530,134,92,26,2,14,120,22,22.6,4.2,0.271,0.416,0.315,0.731,49,230,7,23,0.248,0.371,0.316,0.292,0.296,0.123,0.384,0.35,0.023,0.045,0.024,70.3,85.9,10.8,34.7,4.8,3.7,33.7,97.89813957,92.98363068,67.3,10.7,21.5,51.7,,28.1,2.5,102,103
mark canha,1B,2023,34,435,507,114,77,25,1,11,79,49,15.6,9.7,0.262,0.4,0.355,0.755,62,158,1,11,0.248,0.381,0.333,0.323,0.345,0.133,0.339,0.326,0.014,0.019,0.01,67.8,87.9,13.1,30.9,4.7,6.6,36.7,98.95960762,93.63206294,58.9,11.3,18.3,41.6,-1,27.8,2.2,108,111
josh naylor,1B,2023,26,452,495,139,91,31,0,17,68,33,13.7,6.7,0.308,0.489,0.354,0.843,97,211,3,10,0.293,0.478,0.354,0.346,0.342,0.185,0.391,0.382,0.015,0.011,0.008,73.2,89.1,12.3,35.5,8.2,6.9,41.2,100.6273464,94.47760123,76.3,11.7,19.8,56.5,,25.8,2.3,130,127
max kepler,RF,2023,30,438,491,114,66,22,2,24,106,45,21.6,9.2,0.26,0.484,0.332,0.816,66,198,1,1,0.271,0.503,0.348,0.362,0.344,0.231,0.407,0.428,-0.011,-0.019,-0.014,72.3,91.9,14.7,35.7,12.2,8.6,47.9,102.0566723,95.65094244,70.2,11.9,19.8,47.5,4,27.4,2.8,120,123
tommy pham,RF,2023,35,426,481,109,63,27,3,16,106,47,22,9.8,0.256,0.446,0.328,0.774,68,171,3,22,0.284,0.475,0.332,0.361,0.358,0.191,0.386,0.429,-0.028,-0.029,-0.029,73.8,92.3,5.7,34.4,10.7,7.1,49.1,103.0763058,96.15868595,60.6,14,23.6,40.5,-1,27.8,1.5,111,109
andrew mccutchen,DH,2023,36,390,473,100,69,19,0,12,100,75,21.1,15.9,0.256,0.397,0.378,0.775,43,157,3,11,0.257,0.409,0.345,0.353,0.382,0.152,0.369,0.382,-0.001,-0.012,-0.008,71.8,89.6,12.3,33.7,6.8,7.8,44.6,100.3291924,94.60717314,64.4,19.9,27.4,41.6,1,28.4,1.4,112,113
randal grichuk,RF,2023,31,434,471,116,67,31,2,16,96,29,20.4,6.2,0.267,0.459,0.321,0.78,44,187,2,2,0.263,0.425,0.333,0.323,0.319,0.162,0.391,0.377,0.004,0.034,0.01,74.5,89.6,14,35,7.1,8.8,45.3,101.4900952,95.07464777,67,14.3,26.7,50.1,-6,27.4,1.4,104,104
michael conforto,LF,2023,30,406,470,97,68,14,0,15,106,53,22.6,11.3,0.239,0.384,0.334,0.718,58,194,0,4,0.245,0.416,0.315,0.33,0.341,0.171,0.354,0.377,-0.006,-0.032,-0.015,73,88.9,11.9,31.9,7.9,7.6,39.8,100.098184,94.21797354,69,17.4,24.9,45.3,-2,26.1,0.8,100,98
adam frazier,2B,2023,31,412,455,99,63,21,2,13,68,32,14.9,7,0.24,0.396,0.3,0.696,60,157,4,11,0.261,0.361,0.302,0.301,0.319,0.101,0.321,0.319,-0.021,0.035,0.001,67,85.7,15.2,40.9,3.1,3.1,23.4,95.2784974,91.6503571,67.2,11.4,19.2,48.3,,26.5,1.7,94,95
cedric mullins,CF,2023,28,404,455,94,53,23,3,15,101,43,22.2,9.5,0.233,0.416,0.305,0.721,74,151,3,19,0.227,0.356,0.311,0.291,0.302,0.129,0.359,0.329,0.006,0.06,0.02,71.1,88.9,21.6,28.1,6.5,3.5,37.1,98.84395993,93.55614613,70.8,19.1,24.9,49.6,5,28,2.8,101,97
wilmer flores,1B,2023,31,405,454,115,70,22,0,23,63,41,13.9,9,0.284,0.509,0.355,0.864,60,199,0,0,0.256,0.437,0.368,0.333,0.332,0.181,0.392,0.347,0.028,0.072,0.035,67.5,86.4,22,36.2,7.8,6.7,32.5,97.39944174,92.72835564,62.7,11.6,15.8,44.9,,24.4,2.7,137,137
donovan solano,2B,2023,35,394,450,111,79,26,1,5,100,40,22.2,8.9,0.282,0.391,0.369,0.76,38,130,0,0,0.284,0.429,0.338,0.351,0.371,0.145,0.385,0.406,-0.002,-0.038,-0.013,68.1,90.2,13.1,43.1,6.1,8.1,43.7,100.1029357,94.47530698,64.9,16.2,25.4,47.4,,25.4,1.6,110,113
luis rengifo,SS,2023,26,394,445,104,69,15,4,16,82,41,18.4,9.2,0.264,0.444,0.339,0.783,51,155,4,6,0.246,0.403,0.339,0.323,0.327,0.158,0.373,0.351,0.018,0.041,0.016,71,89.1,11,29.7,7.6,5.1,36.9,98.94137718,93.61708914,74.5,16.8,24.5,50.1,0,27.4,1.9,112,113
brandon lowe,2B,2023,28,377,436,87,50,15,1,21,119,50,27.3,11.5,0.231,0.443,0.328,0.771,68,164,0,7,0.232,0.446,0.334,0.338,0.33,0.214,0.408,0.415,-0.001,-0.003,-0.004,73.2,91.4,16,32.6,10.7,7.3,47.5,101.419436,95.21907709,75.3,19.6,32,51.6,,27.3,2.1,112,113
joc pederson,DH,2023,31,358,425,84,52,14,3,15,89,57,20.9,13.4,0.235,0.416,0.348,0.764,51,162,0,0,0.262,0.479,0.331,0.364,0.372,0.218,0.361,0.412,-0.027,-0.063,-0.033,72.6,92.1,15.2,33.5,12.1,8.5,52.2,103.0099481,96.30544485,66,17.4,24.6,45.2,-4,26.4,0.7,112,112
miguel rojas,SS,2023,34,385,423,91,69,16,1,5,48,26,11.3,6.1,0.236,0.322,0.29,0.612,31,171,3,8,0.248,0.333,0.271,0.284,0.303,0.086,0.27,0.286,-0.012,-0.011,-0.013,68.8,87.3,11,33.4,2.9,4.1,32,97.50533318,92.84879474,67.6,8.5,16.5,49.6,,26.4,1.4,67,70
willi castro,SS,2023,26,358,409,92,60,18,5,9,99,34,24.2,8.3,0.257,0.411,0.339,0.75,34,135,5,33,0.231,0.361,0.327,0.301,0.316,0.131,0.386,0.345,0.026,0.05,0.026,72,86.5,15.1,34.5,6.8,4.9,31.8,98.69882772,93.37454929,69,17.8,27.9,51.6,-1,28.6,2.6,105,105
martin maldonado,C,2023,36,362,407,69,42,12,0,15,139,30,34.2,7.4,0.191,0.348,0.258,0.606,36,183,0,0,0.187,0.357,0.266,0.267,0.255,0.169,0.368,0.37,0.004,-0.009,-0.001,71.7,88.4,18.1,32.8,8.5,7.7,40,99.51138364,93.98842365,65.5,23.9,34.3,49.6,,23.2,0.3,66,60
paul dejong,3B,2023,29,372,400,77,50,13,0,14,121,21,30.3,5.3,0.207,0.355,0.258,0.613,38,171,4,4,0.219,0.361,0.266,0.278,0.271,0.142,0.349,0.368,-0.012,-0.006,-0.012,69.4,85.5,16.8,34.8,6.7,5.5,33.2,97.65769205,92.87046063,71.3,23.9,35.4,53.2,,26.8,-0.5,66,59
michael a. taylor,CF,2023,32,355,388,78,42,14,1,21,130,26,33.5,6.7,0.22,0.442,0.278,0.72,51,156,1,13,0.222,0.433,0.308,0.306,0.281,0.211,0.434,0.432,-0.002,0.009,0.002,74.4,88.1,13.4,30.6,13.5,6.6,38,101.375261,94.84000908,68.8,23.8,34.1,49,8,28.7,1.9,93,91
chris taylor,3B,2023,32,338,384,80,49,15,1,15,125,41,32.6,10.7,0.237,0.42,0.326,0.746,56,171,3,16,0.222,0.4,0.323,0.311,0.312,0.178,0.437,0.415,0.015,0.02,0.012,71.2,86.2,21.5,38.8,9.8,6.1,37.4,98.96148542,93.52875061,71.5,29.4,35.8,47.6,-1,28.3,1.5,102,102
mike yastrzemski,CF,2023,32,330,381,77,38,23,1,15,99,45,26,11.8,0.233,0.445,0.33,0.775,43,137,2,2,0.232,0.419,0.333,0.325,0.329,0.187,0.404,0.391,0.001,0.026,0.008,70.6,90,19.6,35,9.8,11.5,44,100.6905155,94.65688311,62.5,17.2,23.6,41.2,2,27,2.4,114,112
kyle farmer,SS,2023,32,336,369,86,59,14,2,11,86,23,23.3,6.2,0.256,0.408,0.317,0.725,46,153,4,2,0.252,0.405,0.316,0.313,0.314,0.154,0.376,0.373,0.004,0.003,0.003,66.6,86.4,13.2,36.1,6.7,5.6,32.9,97.41625175,92.78526661,62.7,13,23.2,47.7,,26.5,1.7,97,103
ryan o'hearn,DH,2023,29,346,368,100,63,22,1,14,82,15,22.3,4.1,0.289,0.48,0.322,0.802,60,129,1,5,0.264,0.464,0.339,0.324,0.3,0.2,0.422,0.402,0.025,0.016,0.015,72.2,91.9,12,35.1,10.1,7.8,51.5,101.4839054,95.34895401,72.1,13.9,23.3,50.7,0,27.7,1.2,122,120
jarren duran,CF,2023,26,332,362,98,54,34,2,8,90,24,24.9,6.6,0.295,0.482,0.346,0.828,40,114,2,24,0.268,0.401,0.354,0.319,0.324,0.134,0.447,0.397,0.027,0.081,0.035,73.4,89.9,10.7,32,5.3,9.8,46.3,102.1362776,95.43912893,73.2,13.9,24.6,51.5,-1,29.5,2.2,121,119
isiah kiner-falefa,2B,2023,28,326,361,79,60,12,1,6,70,28,19.4,7.8,0.242,0.34,0.306,0.646,37,127,5,14,0.254,0.348,0.286,0.295,0.317,0.093,0.315,0.326,-0.012,-0.008,-0.009,67.5,88.8,7.2,33.5,3.1,5,39.2,99.08883969,93.71146918,61.2,11.7,19.6,44.9,-2,27.7,0,78,76
jorge mateo,SS,2023,28,318,350,69,46,14,2,7,82,22,23.4,6.3,0.217,0.34,0.267,0.607,34,139,5,32,0.24,0.371,0.265,0.289,0.29,0.131,0.315,0.349,-0.023,-0.031,-0.024,73.4,88.4,10.4,28.3,5.3,9.4,38.5,100.4314197,94.29545527,68.1,15.9,28.1,50.3,,30.1,0.8,70,67
taylor walls,SS,2023,26,303,349,61,39,12,2,8,92,44,26.4,12.6,0.201,0.333,0.305,0.638,36,137,1,22,0.2,0.295,0.287,0.274,0.303,0.095,0.325,0.304,0.001,0.038,0.013,69.3,86.7,19.1,32.1,3.3,5.7,28.8,95.82587276,91.91812643,65.6,21.6,27.2,43,,28.2,2,78,79
mitch garver,C,2023,32,296,344,80,50,11,0,19,82,44,23.8,12.8,0.27,0.5,0.37,0.87,50,122,0,0,0.255,0.493,0.374,0.365,0.357,0.238,0.448,0.434,0.015,0.007,0.009,70.8,90,20.5,35.5,12.6,7.9,42.1,100.978312,94.65388724,61.9,16.1,23.7,39.6,,25.7,2.3,138,144
harrison bader,CF,2023,29,319,344,74,53,12,2,7,59,17,17.2,4.9,0.232,0.348,0.274,0.622,40,141,3,20,0.234,0.375,0.271,0.288,0.281,0.141,0.299,0.321,-0.002,-0.027,-0.017,70.8,85.9,17.8,32.8,5.3,7.5,31.7,97.62251611,92.81902512,63.3,13.6,24.6,48.5,7,28.8,0.6,69,61
starling marte,RF,2023,34,315,341,78,65,7,1,5,69,16,20.2,4.7,0.248,0.324,0.301,0.625,28,137,4,24,0.261,0.402,0.278,0.312,0.314,0.141,0.316,0.363,-0.013,-0.078,-0.034,70.6,88.2,6.3,30.6,5.6,5.6,39.5,100.1359763,94.12901641,71.5,17.4,27.8,53.8,-5,27.1,-0.7,74,72
joey gallo,1B,2023,29,282,332,50,19,9,1,21,142,48,42.8,14.5,0.177,0.44,0.301,0.741,40,142,1,1,0.149,0.399,0.32,0.295,0.277,0.25,0.512,0.454,0.028,0.041,0.025,73.9,93,26.4,28.6,19.3,5.7,52.9,104.3614921,97.12744684,71.6,34.3,44.3,47.1,-1,26.6,0.5,100,99
danny jansen,C,2023,28,268,301,61,29,15,0,17,62,23,20.6,7.6,0.228,0.474,0.312,0.786,53,121,0,0,0.219,0.421,0.336,0.316,0.305,0.202,0.38,0.35,0.009,0.053,0.02,70.9,88.3,19.7,35.4,10.7,7.8,37.4,98.93862637,93.54821878,69.4,16.1,22.9,46.8,,27.1,1.6,114,113
ildemaro vargas,2B,2023,31,262,286,66,47,13,2,4,20,19,7,6.6,0.252,0.363,0.304,0.667,31,110,1,1,0.265,0.368,0.292,0.303,0.317,0.103,0.283,0.295,-0.013,-0.005,-0.011,69.5,87.1,4.1,26,2.4,4.1,31.3,97.15694815,92.57847408,60.5,7.3,12.6,45.9,,27,0.8,85,85
jacob stallings,C,2023,33,241,276,46,29,14,0,3,67,27,24.3,9.8,0.191,0.286,0.278,0.564,20,106,0,0,0.193,0.302,0.256,0.262,0.281,0.109,0.279,0.288,-0.002,-0.016,-0.006,67.2,89.7,9.1,28.5,5.6,5.6,40.2,98.7488907,93.71020678,59.4,12.8,22.8,40.9,,23.6,-0.8,51,47
gary sanchez,DH,2023,30,240,267,52,24,9,0,19,67,21,25.1,7.9,0.217,0.492,0.288,0.78,47,119,0,0,0.233,0.502,0.329,0.343,0.305,0.269,0.403,0.424,-0.016,-0.01,-0.014,73.4,90.1,16.5,27.4,15.4,5.1,44.6,101.7053643,95.14394686,57.8,16.6,27.6,41.8,,24.9,2.1,110,111
tyler o'neill,LF,2023,28,238,266,55,32,14,0,9,67,28,25.2,10.5,0.231,0.403,0.312,0.715,21,125,0,5,0.246,0.445,0.313,0.334,0.326,0.199,0.372,0.406,-0.015,-0.042,-0.021,72.5,89.2,15,29.2,12.3,5.8,43.3,101.4681902,94.89849082,66.7,18.5,27.8,44.9,0,28.5,0.3,93,93
rob refsnyder,RF,2023,32,202,243,50,39,9,1,1,47,33,19.3,13.6,0.248,0.317,0.365,0.682,28,91,2,7,0.261,0.384,0.314,0.342,0.378,0.123,0.315,0.358,-0.013,-0.067,-0.028,72.9,87.7,11.9,42,3.8,7,34.4,98.41148221,93.31319046,61.1,19.6,23.1,40.1,-3,27.1,0.4,87,98
victor caratini,C,2023,29,201,226,52,41,4,0,7,45,19,19.9,8.4,0.259,0.383,0.327,0.71,25,71,1,1,0.258,0.377,0.312,0.31,0.327,0.119,0.347,0.344,0.001,0.006,0.002,72.1,91.3,10.8,23.3,5,3.8,44.7,101.5286345,95.04057195,65.8,15.1,21.1,45.3,,25,0.7,94,98
james mccann,C,2023,33,207,226,46,26,14,0,6,57,9,25.2,4,0.222,0.377,0.269,0.646,26,88,1,3,0.262,0.431,0.279,0.319,0.307,0.169,0.345,0.404,-0.04,-0.054,-0.04,70.4,89.8,16.6,37.4,7.1,9,43.9,100.5154664,94.45881467,70,18,31.4,54.2,,26.1,0.5,79,80
austin hedges,C,2023,30,185,212,34,28,5,0,1,47,11,22.2,5.2,0.184,0.227,0.234,0.461,16,93,0,1,0.215,0.289,0.209,0.253,0.271,0.074,0.234,0.296,-0.031,-0.062,-0.044,68.2,87.2,15.4,29.1,0.7,4,31.1,97.08725729,92.59878676,72,20,28,52.1,,24.5,-1.1,27,16
austin slater,LF,2023,30,185,207,50,36,9,0,5,58,20,28,9.7,0.27,0.4,0.348,0.748,20,68,2,2,0.255,0.443,0.33,0.338,0.334,0.188,0.417,0.429,0.015,-0.043,-0.008,73.3,91.1,7.5,34.6,11.8,4.7,46.5,101.9106794,95.59155794,63.8,21.3,29.8,42.3,1,27.7,0.8,108,117
jesse winker,LF,2023,29,166,197,33,27,5,0,1,51,26,25.9,13.2,0.199,0.247,0.32,0.567,23,57,0,0,0.204,0.296,0.269,0.287,0.325,0.092,0.276,0.307,-0.005,-0.049,-0.018,69.9,86.8,13.6,33.6,4.3,3.4,31.9,97.51044759,92.77175267,66.7,19.6,25.1,42.6,,23.5,-0.7,59,65
brendan rodgers,2B,2023,26,178,192,46,32,9,1,4,41,11,21.4,5.7,0.258,0.388,0.313,0.701,20,74,0,0,0.256,0.428,0.307,0.321,0.31,0.173,0.358,0.378,0.002,-0.04,-0.014,72,88.3,4.8,35.8,10.9,5.1,40.1,99.67345647,93.92212757,65.4,14.2,25.4,48.1,,26.3,0.1,82,79
trevor story,SS,2023,30,158,168,32,20,9,0,3,55,9,32.7,5.4,0.203,0.316,0.25,0.566,14,79,3,10,0.21,0.354,0.249,0.266,0.257,0.144,0.338,0.366,-0.007,-0.038,-0.017,71.1,88.5,15.5,42.7,9.7,6.8,39.8,99.80733843,94.01183363,69.7,24.8,31.7,50.8,,28.8,0.8,52,58
dylan moore,2B,2023,30,145,165,30,13,9,1,7,56,16,33.9,9.7,0.207,0.428,0.303,0.731,19,84,3,7,0.203,0.432,0.317,0.317,0.299,0.23,0.43,0.43,0.004,-0.004,0,72.2,89,21.4,40.4,16.9,11.2,44.9,100.4405849,94.54461562,63.5,23.5,33.4,46,1,27.7,0.5,106,109
tom murphy,C,2023,32,145,159,42,22,12,0,8,44,10,27.7,6.3,0.29,0.538,0.335,0.873,17,59,0,0,0.261,0.498,0.367,0.351,0.315,0.237,0.489,0.464,0.029,0.04,0.016,72.5,89.5,13.7,40.8,14.6,4.9,44.7,101.3519477,95.06478515,73.1,21.5,30.4,52.1,,26,1.2,144,141
